weekday, day, hour, minute, second,Time ,
Monday,21,21,59,59,7.916655093, 
Monday,21,21,40,49,7.903344907,
Monday,21,21,35,0,7.899305556,
Monday,21,20,45,44,7.865092593,
Monday,21,20,43,54,7.863819444,
Monday,21,20,31,58,7.855532407,
Monday,21,20,16,9,7.844548611,
Monday,21,20,14,55,7.84369213,
Monday,21,20,12,51,7.842256944,
Monday,21,20,3,23,7.83568287,
Monday,21,19,59,40,7.833101852,
Monday,21,19,57,54,7.831875,
Monday,21,19,21,44,7.806759259,
Monday,21,19,20,2,7.805578704,
Monday,21,18,24,13,7.76681713,
Monday,21,18,18,46,7.763032407,
Monday,21,18,12,48,7.758888889,
Monday,21,17,13,33,7.717743056,
Monday,21,16,43,52,7.69712963,
Monday,21,16,41,1,7.695150463,
Monday,21,16,16,51,7.678368056,
Monday,21,15,54,59,7.66318287,
Monday,21,15,51,14,7.660578704,
Monday,21,15,35,28,7.64962963,
Monday,21,15,34,11,7.648738426,
Monday,21,15,28,35,7.644849537,
Monday,21,14,43,24,7.613472222,
Monday,21,14,37,45,7.609548611,
Monday,21,14,24,5,7.60005787,
Monday,21,14,21,19,7.598136574,
Monday,21,14,2,48,7.585277778,
Monday,21,13,37,20,7.567592593,
Monday,21,13,32,20,7.56412037,
Monday,21,12,24,27,7.516979167,
Monday,21,12,17,42,7.512291667,
Monday,21,12,9,29,7.506585648,
Monday,21,11,11,1,7.465983796,
Monday,21,11,5,18,7.462013889,
Monday,21,11,2,33,7.460104167,
Monday,21,10,54,25,7.454456019,
Monday,21,10,26,54,7.435347222,
Monday,21,10,12,25,7.425289352,
Monday,21,9,32,28,7.397546296,
Monday,21,7,44,34,7.322615741,
Monday,21,7,38,17,7.318252315,
Monday,21,7,14,34,7.301782407,
Monday,21,7,2,55,7.29369213,
Monday,21,6,49,19,7.284247685,
Monday,21,6,48,38,7.283773148,
Monday,21,6,33,49,7.273483796,
Monday,21,6,31,10,7.271643519,
Monday,21,6,23,28,7.266296296,
Monday,21,6,8,18,7.255763889,
Monday,21,6,3,1,7.252094907,
Monday,21,5,53,18,7.245347222,
Monday,21,5,49,40,7.242824074,
Monday,21,5,36,54,7.233958333,
Monday,21,5,29,53,7.229085648,
Monday,21,5,5,33,7.2121875,
Monday,21,4,39,52,7.194351852,
Monday,21,4,28,55,7.186747685,
Monday,21,4,23,13,7.182789352,
Monday,21,4,15,17,7.177280093,
Monday,21,4,0,15,7.166840278,
Monday,21,3,41,35,7.153877315,
Monday,21,3,33,20,7.148148148,
Monday,21,3,30,47,7.146377315,
Monday,21,3,25,5,7.142418981,
Monday,21,3,24,19,7.141886574,
Monday,21,3,24,13,7.14181713,
Monday,21,3,23,47,7.141516204,
Monday,21,3,22,58,7.140949074,
Monday,21,3,16,18,7.136319444,
Monday,21,3,12,22,7.133587963,
Monday,21,3,8,21,7.130798611,
Monday,21,3,7,18,7.130069444,
Monday,21,2,49,11,7.117488426,
Monday,21,1,53,14,7.078634259,
Monday,21,1,29,52,7.062407407,
Monday,21,1,24,59,7.059016204,
Monday,21,0,31,58,7.022199074,
Monday,21,0,21,28,7.014907407,
Monday,21,0,14,5,7.009780093,
Sunday,20,23,48,5,6.991724537,
Sunday,20,22,53,40,6.953935185,
Sunday,20,22,14,38,6.926828704,
Sunday,20,21,55,55,6.913831019,
Sunday,20,21,23,17,6.891168981,
Sunday,20,21,20,11,6.889016204,
Sunday,20,20,53,59,6.870821759,
Sunday,20,20,46,8,6.86537037,
Sunday,20,20,26,6,6.851458333,
Sunday,20,20,19,18,6.846736111,
Sunday,20,19,54,28,6.829490741,
Sunday,20,19,53,31,6.828831019,
Sunday,20,19,39,20,6.818981481,
Sunday,20,19,0,0,6.791666667,
Sunday,20,18,41,53,6.779085648,
Sunday,20,18,38,16,6.776574074,
Sunday,20,17,29,36,6.728888889,
Sunday,20,17,28,59,6.728460648,
Sunday,20,17,21,58,6.723587963,
Sunday,20,16,52,33,6.703159722,
Sunday,20,16,52,8,6.70287037,
Sunday,20,16,40,1,6.694456019,
Sunday,20,16,39,20,6.693981481,
Sunday,20,16,28,40,6.686574074,
Sunday,20,15,21,16,6.639768519,
Sunday,20,15,15,15,6.635590278,
Sunday,20,14,47,17,6.616168981,
Sunday,20,14,26,26,6.601689815,
Sunday,20,14,18,42,6.596319444,
Sunday,20,14,18,34,6.596226852,
Sunday,20,14,11,43,6.591469907,
Sunday,20,13,51,38,6.577523148,
Sunday,20,13,39,28,6.569074074,
Sunday,20,13,31,18,6.563402778,
Sunday,20,13,11,17,6.549502315,
Sunday,20,13,4,20,6.544675926,
Sunday,20,12,41,44,6.528981481,
Sunday,20,12,28,47,6.519988426,
Sunday,20,12,24,59,6.517349537,
Sunday,20,12,22,4,6.515324074,
Sunday,20,12,6,37,6.504594907,
Sunday,20,11,53,29,6.495474537,
Sunday,20,11,52,52,6.495046296,
Sunday,20,11,47,8,6.491064815,
Sunday,20,11,37,58,6.484699074,
Sunday,20,11,31,55,6.480497685,
Sunday,20,11,16,39,6.469895833,
Sunday,20,11,10,9,6.465381944,
Sunday,20,11,2,56,6.46037037,
Sunday,20,10,51,13,6.452233796,
Sunday,20,10,27,23,6.43568287,
Sunday,20,10,17,56,6.42912037,
Sunday,20,10,0,50,6.41724537,
Sunday,20,9,43,17,6.40505787,
Sunday,20,9,36,24,6.400277778,
Sunday,20,9,29,58,6.395810185,
Sunday,20,9,19,10,6.388310185,
Sunday,20,9,13,54,6.384652778,
Sunday,20,8,58,15,6.373784722,
Sunday,20,8,56,59,6.372905093,
Sunday,20,7,53,5,6.328530093,
Sunday,20,6,57,20,6.289814815,
Sunday,20,6,20,7,6.263969907,
Sunday,20,6,8,55,6.25619213,
Sunday,20,6,5,59,6.254155093,
Sunday,20,5,57,9,6.248020833,
Sunday,20,5,46,35,6.24068287,
Sunday,20,5,27,55,6.227719907,
Sunday,20,5,27,11,6.227210648,
Sunday,20,5,15,32,6.21912037,
Sunday,20,5,12,19,6.216886574,
Sunday,20,4,40,12,6.194583333,
Sunday,20,4,33,44,6.190092593,
Sunday,20,4,25,26,6.184328704,
Sunday,20,4,1,5,6.167418981,
Sunday,20,3,36,46,6.150532407,
Sunday,20,3,34,13,6.148761574,
Sunday,20,3,30,7,6.145914352,
Sunday,20,2,34,5,6.107002315,
Sunday,20,2,16,18,6.094652778,
Sunday,20,2,13,2,6.092384259,
Sunday,20,1,46,53,6.074224537,
Sunday,20,1,26,6,6.059791667,
Sunday,20,0,41,10,6.028587963,
Sunday,20,0,34,44,6.02412037,
Sunday,20,0,19,50,6.013773148,
Sunday,20,0,12,45,6.008854167,
Sunday,20,0,7,52,6.005462963,
Sunday,20,0,4,42,6.003263889,
Saturday,19,23,50,12,5.993194444,
Saturday,19,23,30,35,5.979571759,
Saturday,19,23,27,23,5.977349537,
Saturday,19,23,23,58,5.974976852,
Saturday,19,23,19,45,5.972048611,
Saturday,19,23,13,5,5.967418981,
Saturday,19,23,11,59,5.966655093,
Saturday,19,23,10,15,5.965451389,
Saturday,19,22,9,4,5.922962963,
Saturday,19,21,54,39,5.912951389,
Saturday,19,21,52,9,5.911215278,
Saturday,19,21,47,1,5.907650463,
Saturday,19,21,41,33,5.903854167,
Saturday,19,21,21,8,5.889675926,
Saturday,19,21,9,50,5.881828704,
Saturday,19,21,7,3,5.879895833,
Saturday,19,19,47,26,5.824606481,
Saturday,19,19,36,30,5.817013889,
Saturday,19,19,33,48,5.815138889,
Saturday,19,19,30,0,5.8125,
Saturday,19,19,24,59,5.809016204,
Saturday,19,19,2,47,5.793599537,
Saturday,19,19,2,18,5.793263889,
Saturday,19,18,54,43,5.787997685,
Saturday,19,18,44,48,5.781111111,
Saturday,19,18,17,53,5.762418981,
Saturday,19,18,14,57,5.760381944,
Saturday,19,18,7,10,5.754976852,
Saturday,19,17,58,1,5.748622685,
Saturday,19,17,52,51,5.745034722,
Saturday,19,17,33,23,5.731516204,
Saturday,19,17,18,46,5.721365741,
Saturday,19,15,59,27,5.666284722,
Saturday,19,15,47,23,5.657905093,
Saturday,19,15,37,25,5.650983796,
Saturday,19,15,17,15,5.636979167,
Saturday,19,14,49,41,5.617835648,
Saturday,19,14,17,54,5.595763889,
Saturday,19,13,53,8,5.578564815,
Saturday,19,13,45,25,5.573206019,
Saturday,19,12,53,29,5.537141204,
Saturday,19,11,59,25,5.499594907,
Saturday,19,11,42,39,5.487951389,
Saturday,19,11,27,53,5.477696759,
Saturday,19,11,23,1,5.47431713,
Saturday,19,11,11,7,5.466053241,
Saturday,19,11,5,31,5.462164352,
Saturday,19,10,16,18,5.427986111,
Saturday,19,10,12,12,5.425138889,
Saturday,19,10,5,45,5.420659722,
Saturday,19,9,43,19,5.405081019,
Saturday,19,9,42,35,5.404571759,
Saturday,19,9,36,32,5.40037037,
Saturday,19,9,16,10,5.386226852,
Saturday,19,9,1,32,5.376064815,
Saturday,19,8,47,14,5.366134259,
Saturday,19,8,18,8,5.345925926,
Saturday,19,8,16,56,5.345092593,
Saturday,19,7,39,37,5.319178241,
Saturday,19,7,32,30,5.314236111,
Saturday,19,7,21,28,5.306574074,
Saturday,19,7,16,37,5.303206019,
Saturday,19,6,51,39,5.285868056,
Saturday,19,6,34,9,5.273715278,
Saturday,19,6,24,52,5.267268519,
Saturday,19,5,57,32,5.248287037,
Saturday,19,5,55,4,5.246574074,
Saturday,19,5,54,17,5.246030093,
Saturday,19,5,38,2,5.23474537,
Saturday,19,5,14,38,5.21849537,
Saturday,19,4,52,19,5.202997685,
Saturday,19,4,12,53,5.175613426,
Saturday,19,4,8,33,5.172604167,
Saturday,19,2,49,10,5.117476852,
Saturday,19,2,22,50,5.099189815,
Saturday,19,1,56,28,5.08087963,
Saturday,19,1,39,37,5.069178241,
Saturday,19,1,6,14,5.04599537,
Saturday,19,0,50,28,5.035046296,
Saturday,19,0,42,32,5.029537037,
Saturday,19,0,37,42,5.026180556,
Saturday,19,0,36,8,5.025092593,
Saturday,19,0,17,21,5.012048611,
Saturday,19,0,11,38,5.008078704,
Saturday,19,0,11,25,5.007928241,
Saturday,19,0,10,37,5.007372685,
Friday,18,23,59,33,4.9996875,
Friday,18,23,46,55,4.990914352,
Friday,18,23,41,54,4.987430556,
Friday,18,22,21,49,4.93181713,
Friday,18,22,18,57,4.929826389,
Friday,18,21,54,8,4.912592593,
Friday,18,21,33,1,4.897928241,
Friday,18,21,20,58,4.889560185,
Friday,18,20,58,17,4.87380787,
Friday,18,20,55,16,4.871712963,
Friday,18,20,43,9,4.863298611,
Friday,18,20,35,31,4.857997685,
Friday,18,20,24,8,4.850092593,
Friday,18,20,23,37,4.849733796,
Friday,18,19,34,45,4.815798611,
Friday,18,19,31,12,4.813333333,
Friday,18,19,19,31,4.805219907,
Friday,18,19,18,51,4.804756944,
Friday,18,19,18,15,4.804340278,
Friday,18,19,7,49,4.797094907,
Friday,18,19,2,21,4.793298611,
Friday,18,18,35,6,4.774375,
Friday,18,18,23,18,4.766180556,
Friday,18,18,20,28,4.764212963,
Friday,18,17,44,10,4.73900463,
Friday,18,17,36,38,4.733773148,
Friday,18,17,29,28,4.728796296,
Friday,18,17,27,52,4.727685185,
Friday,18,17,16,33,4.719826389,
Friday,18,16,47,53,4.699918981,
Friday,18,16,31,57,4.688854167,
Friday,18,16,24,19,4.683553241,
Friday,18,15,50,22,4.659976852,
Friday,18,15,42,17,4.654363426,
Friday,18,15,37,44,4.651203704,
Friday,18,15,29,27,4.645451389,
Friday,18,15,20,28,4.639212963,
Friday,18,15,18,18,4.637708333,
Friday,18,14,54,45,4.621354167,
Friday,18,14,47,41,4.616446759,
Friday,18,14,43,7,4.613275463,
Friday,18,14,8,11,4.589016204,
Friday,18,14,7,33,4.588576389,
Friday,18,14,7,14,4.588356481,
Friday,18,13,4,13,4.544594907,
Friday,18,12,50,11,4.534849537,
Friday,18,12,38,20,4.52662037,
Friday,18,12,25,59,4.518043981,
Friday,18,12,3,11,4.502210648,
Friday,18,11,34,40,4.482407407,
Friday,18,11,21,22,4.473171296,
Friday,18,11,8,29,4.464224537,
Friday,18,10,54,43,4.454664352,
Friday,18,10,52,31,4.453136574,
Friday,18,10,26,34,4.435115741,
Friday,18,10,18,13,4.42931713,
Friday,18,9,52,28,4.411435185,
Friday,18,9,38,31,4.401747685,
Friday,18,9,33,24,4.398194444,
Friday,18,9,28,19,4.394664352,
Friday,18,9,25,26,4.392662037,
Friday,18,9,8,58,4.381226852,
Friday,18,9,8,4,4.380601852,
Friday,18,9,5,31,4.378831019,
Friday,18,8,31,23,4.355127315,
Friday,18,8,31,7,4.35494213,
Friday,18,8,28,3,4.3528125,
Friday,18,8,22,6,4.348680556,
Friday,18,8,11,33,4.341354167,
Friday,18,8,10,50,4.340856481,
Friday,18,8,10,5,4.340335648,
Friday,18,8,8,8,4.338981481,
Friday,18,7,43,11,4.321655093,
Friday,18,7,33,4,4.31462963,
Friday,18,7,31,1,4.313206019,
Friday,18,7,15,0,4.302083333,
Friday,18,6,45,59,4.28193287,
Friday,18,6,43,46,4.280393519,
Friday,18,6,24,20,4.266898148,
Friday,18,6,12,5,4.258391204,
Friday,18,5,36,1,4.233344907,
Friday,18,5,27,7,4.227164352,
Friday,18,5,13,34,4.21775463,
Friday,18,5,4,5,4.211168981,
Friday,18,4,47,12,4.199444444,
Friday,18,4,35,20,4.191203704,
Friday,18,4,26,50,4.185300926,
Friday,18,4,23,30,4.182986111,
Friday,18,4,11,49,4.174872685,
Friday,18,3,45,43,4.156747685,
Friday,18,3,42,24,4.154444444,
Friday,18,3,27,35,4.144155093,
Friday,18,3,7,25,4.130150463,
Friday,18,3,0,47,4.125543981,
Friday,18,2,49,13,4.117511574,
Friday,18,2,35,56,4.108287037,
Friday,18,2,35,2,4.107662037,
Friday,18,2,13,3,4.092395833,
Friday,18,2,7,47,4.088738426,
Friday,18,2,6,9,4.087604167,
Friday,18,1,46,48,4.074166667,
Friday,18,1,46,11,4.073738426,
Friday,18,1,39,23,4.069016204,
Friday,18,1,38,1,4.06806713,
Friday,18,1,28,24,4.061388889,
Friday,18,1,20,1,4.05556713,
Friday,18,1,7,48,4.047083333,
Friday,18,0,34,53,4.024224537,
Friday,18,0,23,52,4.016574074,
Friday,18,0,5,35,4.003877315,
Thursday,17,23,52,17,3.994641204,
Thursday,17,23,41,27,3.987118056,
Thursday,17,23,7,2,3.963217593,
Thursday,17,22,48,39,3.950451389,
Thursday,17,22,45,28,3.948240741,
Thursday,17,22,34,56,3.940925926,
Thursday,17,22,24,0,3.933333333,
Thursday,17,22,15,3,3.927118056,
Thursday,17,22,0,39,3.917118056,
Thursday,17,22,0,17,3.916863426,
Thursday,17,22,0,14,3.916828704,
Thursday,17,21,58,1,3.915289352,
Thursday,17,21,50,2,3.90974537,
Thursday,17,21,46,17,3.907141204,
Thursday,17,21,23,59,3.891655093,
Thursday,17,21,0,59,3.87568287,
Thursday,17,20,54,59,3.871516204,
Thursday,17,20,51,31,3.869108796,
Thursday,17,20,49,6,3.867430556,
Thursday,17,20,30,38,3.854606481,
Thursday,17,20,13,23,3.842627315,
Thursday,17,19,59,19,3.832858796,
Thursday,17,19,54,32,3.829537037,
Thursday,17,19,46,45,3.824131944,
Thursday,17,19,36,29,3.817002315,
Thursday,17,19,8,28,3.797546296,
Thursday,17,18,52,9,3.786215278,
Thursday,17,18,50,59,3.785405093,
Thursday,17,18,17,57,3.762465278,
Thursday,17,18,11,44,3.758148148,
Thursday,17,18,10,48,3.7575,
Thursday,17,18,4,28,3.753101852,
Thursday,17,17,51,18,3.743958333,
Thursday,17,17,32,33,3.7309375,
Thursday,17,17,25,17,3.725891204,
Thursday,17,17,12,37,3.717094907,
Thursday,17,17,9,10,3.714699074,
Thursday,17,16,48,43,3.700497685,
Thursday,17,15,39,16,3.652268519,
Thursday,17,15,13,54,3.634652778,
Thursday,17,14,40,55,3.611747685,
Thursday,17,14,24,8,3.600092593,
Thursday,17,14,5,37,3.587233796,
Thursday,17,13,56,23,3.580821759,
Thursday,17,13,53,11,3.578599537,
Thursday,17,13,20,10,3.555671296,
Thursday,17,13,7,36,3.546944444,
Thursday,17,12,51,7,3.535497685,
Thursday,17,12,49,31,3.534386574,
Thursday,17,12,30,25,3.521122685,
Thursday,17,12,24,10,3.516782407,
Thursday,17,11,57,1,3.497928241,
Thursday,17,11,48,30,3.492013889,
Thursday,17,11,46,1,3.490289352,
Thursday,17,11,25,55,3.476331019,
Thursday,17,11,14,34,3.468449074,
Thursday,17,11,2,41,3.460196759,
Thursday,17,10,35,54,3.441597222,
Thursday,17,10,31,31,3.438553241,
Thursday,17,10,15,41,3.42755787,
Thursday,17,9,9,24,3.381527778,
Thursday,17,8,35,22,3.357893519,
Thursday,17,8,16,13,3.344594907,
Thursday,17,8,5,21,3.337048611,
Thursday,17,7,18,44,3.304675926,
Thursday,17,7,9,56,3.298564815,
Thursday,17,7,7,6,3.296597222,
Thursday,17,6,59,12,3.291111111,
Thursday,17,6,59,5,3.291030093,
Thursday,17,6,42,9,3.279270833,
Thursday,17,6,36,46,3.275532407,
Thursday,17,6,25,44,3.26787037,
Thursday,17,6,23,45,3.266493056,
Thursday,17,6,18,35,3.262905093,
Thursday,17,6,9,9,3.256354167,
Thursday,17,6,4,46,3.253310185,
Thursday,17,6,0,3,3.250034722,
Thursday,17,5,55,55,3.247164352,
Thursday,17,5,55,42,3.247013889,
Thursday,17,5,44,49,3.239456019,
Thursday,17,5,40,41,3.236585648,
Thursday,17,5,26,23,3.226655093,
Thursday,17,5,15,2,3.218773148,
Thursday,17,5,14,21,3.218298611,
Thursday,17,5,11,7,3.216053241,
Thursday,17,5,2,27,3.210034722,
Thursday,17,4,56,22,3.205810185,
Thursday,17,4,12,40,3.175462963,
Thursday,17,4,7,14,3.171689815,
Thursday,17,4,2,8,3.168148148,
Thursday,17,3,59,44,3.166481481,
Thursday,17,3,11,43,3.133136574,
Thursday,17,3,4,13,3.127928241,
Thursday,17,2,56,39,3.122673611,
Thursday,17,2,53,40,3.120601852,
Thursday,17,2,44,34,3.114282407,
Thursday,17,2,39,37,3.110844907,
Thursday,17,2,39,29,3.110752315,
Thursday,17,2,38,5,3.109780093,
Thursday,17,2,30,47,3.104710648,
Thursday,17,2,20,41,3.097696759,
Thursday,17,2,10,55,3.090914352,
Thursday,17,2,8,21,3.089131944,
Thursday,17,1,32,47,3.06443287,
Thursday,17,1,17,44,3.053981481,
Thursday,17,1,7,58,3.047199074,
Thursday,17,0,39,37,3.027511574,
Thursday,17,0,36,45,3.025520833,
Thursday,17,0,13,54,3.009652778,
Thursday,17,0,11,1,3.007650463,
Wednesday,16,23,53,31,2.995497685,
Wednesday,16,23,47,31,2.991331019,
Wednesday,16,23,38,24,2.985,
Wednesday,16,23,34,52,2.982546296,
Wednesday,16,23,28,50,2.978356481,
Wednesday,16,23,15,58,2.969421296,
Wednesday,16,22,48,32,2.95037037,
Wednesday,16,22,42,55,2.946469907,
Wednesday,16,22,41,53,2.945752315,
Wednesday,16,22,26,46,2.93525463,
Wednesday,16,22,25,40,2.934490741,
Wednesday,16,22,22,3,2.931979167,
Wednesday,16,22,17,39,2.928923611,
Wednesday,16,22,15,17,2.927280093,
Wednesday,16,22,10,2,2.923634259,
Wednesday,16,21,42,47,2.904710648,
Wednesday,16,21,37,14,2.900856481,
Wednesday,16,21,27,34,2.894143519,
Wednesday,16,21,21,7,2.889664352,
Wednesday,16,21,7,47,2.880405093,
Wednesday,16,21,4,35,2.87818287,
Wednesday,16,21,1,52,2.876296296,
Wednesday,16,21,0,43,2.875497685,
Wednesday,16,21,0,17,2.875196759,
Wednesday,16,20,43,8,2.863287037,
Wednesday,16,20,37,18,2.859236111,
Wednesday,16,20,34,36,2.857361111,
Wednesday,16,20,20,41,2.847696759,
Wednesday,16,19,56,56,2.831203704,
Wednesday,16,19,55,20,2.830092593,
Wednesday,16,19,47,12,2.824444444,
Wednesday,16,19,8,54,2.797847222,
Wednesday,16,18,55,59,2.788877315,
Wednesday,16,18,38,20,2.77662037,
Wednesday,16,18,36,55,2.775636574,
Wednesday,16,18,36,22,2.77525463,
Wednesday,16,18,33,30,2.773263889,
Wednesday,16,18,32,46,2.77275463,
Wednesday,16,18,30,31,2.77119213,
Wednesday,16,18,20,46,2.764421296,
Wednesday,16,18,9,54,2.756875,
Wednesday,16,18,0,46,2.750532407,
Wednesday,16,17,32,28,2.73087963,
Wednesday,16,17,26,33,2.726770833,
Wednesday,16,17,24,55,2.725636574,
Wednesday,16,16,27,44,2.685925926,
Wednesday,16,15,56,2,2.663912037,
Wednesday,16,15,52,43,2.661608796,
Wednesday,16,15,31,0,2.646527778,
Wednesday,16,15,25,36,2.642777778,
Wednesday,16,15,10,32,2.632314815,
Wednesday,16,15,3,3,2.627118056,
Wednesday,16,15,2,17,2.626585648,
Wednesday,16,14,48,12,2.616805556,
Wednesday,16,14,45,20,2.614814815,
Wednesday,16,14,30,21,2.604409722,
Wednesday,16,14,18,19,2.596053241,
Wednesday,16,13,39,40,2.569212963,
Wednesday,16,13,30,28,2.562824074,
Wednesday,16,13,29,15,2.561979167,
Wednesday,16,13,26,59,2.560405093,
Wednesday,16,13,26,47,2.560266204,
Wednesday,16,13,24,14,2.55849537,
Wednesday,16,12,51,48,2.535972222,
Wednesday,16,12,51,40,2.53587963,
Wednesday,16,12,48,13,2.533483796,
Wednesday,16,12,38,48,2.526944444,
Wednesday,16,11,54,49,2.496400463,
Wednesday,16,11,54,44,2.496342593,
Wednesday,16,11,12,33,2.467048611,
Wednesday,16,11,1,58,2.459699074,
Wednesday,16,10,43,18,2.446736111,
Wednesday,16,10,41,25,2.445428241,
Wednesday,16,10,40,56,2.445092593,
Wednesday,16,10,25,40,2.434490741,
Wednesday,16,10,16,25,2.42806713,
Wednesday,16,10,10,56,2.424259259,
Wednesday,16,9,56,28,2.414212963,
Wednesday,16,9,37,29,2.401030093,
Wednesday,16,9,35,39,2.399756944,
Wednesday,16,9,21,2,2.389606481,
Wednesday,16,9,14,52,2.385324074,
Wednesday,16,9,12,33,2.383715278,
Wednesday,16,8,54,38,2.371273148,
Wednesday,16,8,26,48,2.351944444,
Wednesday,16,8,13,51,2.342951389,
Wednesday,16,8,4,45,2.336631944,
Wednesday,16,8,2,8,2.334814815,
Wednesday,16,7,41,31,2.320497685,
Wednesday,16,7,36,32,2.317037037,
Wednesday,16,7,33,49,2.315150463,
Wednesday,16,7,13,32,2.301064815,
Wednesday,16,7,8,13,2.297372685,
Wednesday,16,7,6,3,2.295868056,
Wednesday,16,7,0,16,2.291851852,
Wednesday,16,6,57,54,2.290208333,
Wednesday,16,6,19,36,2.263611111,
Wednesday,16,6,10,2,2.256967593,
Wednesday,16,6,5,22,2.253726852,
Wednesday,16,5,44,32,2.239259259,
Wednesday,16,5,43,52,2.238796296,
Wednesday,16,5,38,14,2.234884259,
Wednesday,16,5,29,20,2.228703704,
Wednesday,16,5,29,10,2.228587963,
Wednesday,16,5,28,34,2.228171296,
Wednesday,16,5,12,6,2.216736111,
Wednesday,16,5,6,11,2.212627315,
Wednesday,16,4,25,9,2.184131944,
Wednesday,16,4,22,11,2.182071759,
Wednesday,16,4,11,56,2.174953704,
Wednesday,16,3,40,52,2.15337963,
Wednesday,16,3,36,50,2.150578704,
Wednesday,16,3,20,25,2.139178241,
Wednesday,16,3,13,25,2.13431713,
Wednesday,16,3,11,5,2.132696759,
Wednesday,16,3,7,13,2.130011574,
Wednesday,16,3,4,17,2.127974537,
Wednesday,16,3,2,6,2.126458333,
Wednesday,16,2,58,28,2.123935185,
Wednesday,16,2,57,52,2.123518519,
Wednesday,16,2,48,0,2.116666667,
Wednesday,16,2,26,53,2.102002315,
Wednesday,16,2,24,10,2.100115741,
Wednesday,16,2,17,25,2.095428241,
Wednesday,16,2,0,35,2.083738426,
Wednesday,16,1,52,37,2.078206019,
Wednesday,16,1,30,25,2.062789352,
Wednesday,16,1,11,39,2.049756944,
Wednesday,16,0,52,15,2.036284722,
Wednesday,16,0,48,30,2.033680556,
Wednesday,16,0,41,8,2.028564815,
Wednesday,16,0,39,54,2.027708333,
Wednesday,16,0,34,5,2.023668981,
Wednesday,16,0,28,0,2.019444444,
Wednesday,16,0,11,23,2.007905093,
Wednesday,16,0,11,23,2.007905093,
Wednesday,16,0,8,46,2.006087963,
Wednesday,16,0,8,46,2.006087963,
Tuesday,15,23,52,27,1.994756944,
Tuesday,15,23,41,44,1.987314815,
Tuesday,15,23,30,8,1.979259259,
Tuesday,15,23,19,15,1.971701389,
Tuesday,15,23,19,15,1.971701389,
Tuesday,15,22,53,22,1.953726852,
Tuesday,15,22,52,33,1.953159722,
Tuesday,15,22,44,19,1.94744213,
Tuesday,15,22,44,14,1.947384259,
Tuesday,15,22,18,57,1.929826389,
Tuesday,15,22,11,7,1.924386574,
Tuesday,15,22,10,17,1.92380787,
Tuesday,15,22,5,42,1.920625,
Tuesday,15,21,38,32,1.901759259,
Tuesday,15,21,35,6,1.899375,
Tuesday,15,21,24,6,1.891736111,
Tuesday,15,21,0,8,1.875092593,
Tuesday,15,20,41,41,1.862280093,
Tuesday,15,20,41,30,1.862152778,
Tuesday,15,20,41,30,1.862152778,
Tuesday,15,20,25,24,1.850972222,
Tuesday,15,20,1,40,1.834490741,
Tuesday,15,19,57,37,1.831678241,
Tuesday,15,19,53,1,1.828483796,
Tuesday,15,19,51,55,1.827719907,
Tuesday,15,19,48,31,1.825358796,
Tuesday,15,19,40,29,1.819780093,
Tuesday,15,19,29,35,1.812210648,
Tuesday,15,19,18,46,1.804699074,
Tuesday,15,19,8,17,1.797418981,
Tuesday,15,18,45,47,1.781793981,
Tuesday,15,18,27,35,1.769155093,
Tuesday,15,18,1,54,1.751319444,
Tuesday,15,18,1,54,1.751319444,
Tuesday,15,17,55,41,1.747002315,
Tuesday,15,17,54,55,1.746469907,
Tuesday,15,17,54,21,1.746076389,
Tuesday,15,17,52,15,1.744618056,
Tuesday,15,17,43,22,1.738449074,
Tuesday,15,17,3,12,1.710555556,
Tuesday,15,16,19,53,1.680474537,
Tuesday,15,16,19,53,1.680474537,
Tuesday,15,16,3,15,1.668923611,
Tuesday,15,15,52,24,1.661388889,
Tuesday,15,15,11,56,1.633287037,
Tuesday,15,15,3,35,1.627488426,
Tuesday,15,15,3,35,1.627488426,
Tuesday,15,15,0,23,1.625266204,
Tuesday,15,14,27,54,1.602708333,
Tuesday,15,14,26,21,1.601631944,
Tuesday,15,14,1,55,1.584664352,
Tuesday,15,12,52,52,1.536712963,
Tuesday,15,12,46,23,1.532210648,
Tuesday,15,12,34,46,1.524143519,
Tuesday,15,12,34,44,1.52412037,
Tuesday,15,12,19,55,1.513831019,
Tuesday,15,11,40,49,1.486678241,
Tuesday,15,11,16,10,1.469560185,
Tuesday,15,11,0,19,1.458553241,
Tuesday,15,10,48,55,1.450636574,
Tuesday,15,10,44,51,1.4478125,
Tuesday,15,10,44,51,1.4478125,
Tuesday,15,10,10,56,1.424259259,
Tuesday,15,9,59,10,1.416087963,
Tuesday,15,9,51,32,1.410787037,
Tuesday,15,9,43,28,1.405185185,
Tuesday,15,9,15,6,1.385486111,
Tuesday,15,8,20,50,1.347800926,
Tuesday,15,8,15,1,1.343761574,
Tuesday,15,8,15,0,1.34375,
Tuesday,15,8,10,1,1.340289352,
Tuesday,15,8,10,1,1.340289352,
Tuesday,15,8,6,15,1.337673611,
Tuesday,15,8,0,41,1.33380787,
Tuesday,15,8,0,41,1.33380787,
Tuesday,15,7,53,54,1.329097222,
Tuesday,15,7,53,52,1.329074074,
Tuesday,15,7,44,25,1.322511574,
Tuesday,15,7,43,1,1.321539352,
Tuesday,15,7,42,23,1.321099537,
Tuesday,15,7,35,48,1.316527778,
Tuesday,15,7,35,37,1.316400463,
Tuesday,15,7,12,12,1.300138889,
Tuesday,15,7,0,55,1.292303241,
Tuesday,15,6,55,27,1.288506944,
Tuesday,15,6,53,55,1.28744213,
Tuesday,15,6,51,58,1.286087963,
Tuesday,15,6,49,49,1.284594907,
Tuesday,15,6,49,35,1.28443287,
Tuesday,15,6,49,29,1.284363426,
Tuesday,15,6,46,13,1.282094907,
Tuesday,15,6,44,5,1.280613426,
Tuesday,15,6,43,33,1.280243056,
Tuesday,15,6,42,48,1.279722222,
Tuesday,15,6,41,13,1.278622685,
Tuesday,15,6,40,11,1.277905093,
Tuesday,15,6,35,18,1.274513889,
Tuesday,15,6,33,36,1.273333333,
Tuesday,15,6,33,0,1.272916667,
Tuesday,15,6,23,56,1.26662037,
Tuesday,15,6,14,5,1.259780093,
Tuesday,15,6,9,46,1.256782407,
Tuesday,15,5,58,2,1.248634259,
Tuesday,15,5,55,52,1.24712963,
Tuesday,15,5,53,59,1.245821759,
Tuesday,15,5,48,3,1.241701389,
Tuesday,15,5,35,35,1.233043981,
Tuesday,15,5,33,33,1.231631944,
Tuesday,15,5,33,33,1.231631944,
Tuesday,15,5,20,9,1.222326389,
Tuesday,15,5,17,30,1.220486111,
Tuesday,15,4,40,27,1.194756944,
Tuesday,15,4,28,21,1.186354167,
Tuesday,15,4,26,23,1.184988426,
Tuesday,15,4,24,47,1.183877315,
Tuesday,15,4,21,9,1.181354167,
Tuesday,15,4,13,56,1.176342593,
Tuesday,15,3,58,13,1.165428241,
Tuesday,15,3,46,31,1.157303241,
Tuesday,15,3,35,57,1.149965278,
Tuesday,15,3,30,53,1.146446759,
Tuesday,15,3,18,41,1.137974537,
Tuesday,15,3,3,4,1.12712963,
Tuesday,15,3,2,48,1.126944444,
Tuesday,15,3,2,48,1.126944444,
Tuesday,15,2,59,35,1.124710648,
Tuesday,15,2,25,16,1.10087963,
Tuesday,15,2,0,30,1.083680556,
Tuesday,15,1,59,23,1.082905093,
Tuesday,15,1,58,18,1.082152778,
Tuesday,15,1,56,50,1.081134259,
Tuesday,15,1,55,49,1.080428241,
Tuesday,15,1,50,26,1.076689815,
Tuesday,15,1,44,36,1.072638889,
Tuesday,15,1,44,35,1.072627315,
Tuesday,15,1,36,3,1.066701389,
Tuesday,15,1,23,14,1.057800926,
Tuesday,15,0,42,33,1.029548611,
Tuesday,15,0,38,29,1.026724537,
Tuesday,15,0,16,27,1.011423611,
Tuesday,15,0,14,21,1.009965278,
Tuesday,15,0,1,10,1.000810185,
Monday,14,23,56,42,0.997708333,
Monday,14,23,56,35,0.997627315,
Monday,14,23,42,24,0.987777778,
Monday,14,23,35,34,0.983032407,
Monday,14,23,24,45,0.975520833,
Monday,14,23,3,32,0.960787037,
Monday,14,23,2,41,0.960196759,
Monday,14,22,48,11,0.950127315,
